Team,Conf,W-L,&Delta;,CMP,Sort,HAS,INC,JNG,KPK,MAS,MB,MGS,MOR,NET,NOL,OMN,PAC,PGH,POM,RME,RMS,RPI,SPR,SRS,STY,TRK,TRP,USA,WIL,WLK,WLS,AP,BIH,BWE,CJB,COL,D1R,DCI,DES,DII,DOK,DOL,DP,DUN,EBP,EMK,ESR,FAS
Michigan,B10,"11-0",,1,>>,1,1,2,4,2,2,3,1,1,1,1,1,1,1,3,1,1,2,1,1,1,1,1,4,1,1,2,2,1,1,1,1,1,1,1,1,2,1,2,3,1,2,1
Arizona,B12,"11-0",+1,2,>>,3,2,1,7,1,1,6,2,2,4,2,3,2,2,2,2,3,1,3,4,3,5,2,3,2,2,1,1,2,4,2,3,2,3,2,3,1,3,6,4,2,1,2
Iowa St,B12,"12-0",+2,3,>>,2,3,3,10,3,3,5,3,4,7,4,2,8,3,6,3,23,3,5,5,7,4,3,9,4,8,3,3,7,5,9,5,8,2,3,7,3,5,4,6,3,3,3
Gonzaga,WCC,"12-1",,4,>>,7,6,7,8,5,6,1,6,5,9,3,4,6,4,8,4,16,6,2,2,6,2,7,5,6,5,7,7,3,2,10,4,3,9,7,4,4,2,3,2,6,5,6
Duke,ACC,"11-1",-3,5,>>,5,4,4,1,4,9,12,4,3,6,5,7,11,6,17,9,10,5,4,3,8,3,6,2,5,3,6,9,4,3,11,2,5,5,4,2,8,4,1,1,4,8,7
Connecticut,BE,"12-1",,6,>>,8,7,5,18,8,7,8,15,8,3,22,5,4,7,1,5,4,9,7,9,2,9,4,8,8,7,4,5,6,7,4,9,7,7,6,5,5,7,14,9,7,4,5
Purdue,B10,"11-1",,7,>>,4,5,9,11,6,8,4,7,7,2,6,6,7,5,9,6,12,10,6,8,9,6,5,11,7,10,5,8,5,11,8,6,4,4,5,6,9,6,9,8,5,9,9
Vanderbilt,SEC,"12-0",+2,8,>>,6,9,6,23,10,4,2,5,6,10,15,9,3,8,4,7,9,4,13,7,5,11,11,22,3,13,11,4,10,6,5,11,9,12,10,8,6,9,12,12,8,7,4
BYU,B12,"11-1",-1,9,>>,15,10,11,14,13,11,7,8,9,8,8,8,10,10,5,11,2,8,9,6,16,10,10,6,9,11,10,11,8,9,6,7,11,10,13,12,11,8,7,10,10,11,11
Michigan St,B10,"11-1",-1,10,>>,11,14,8,9,9,10,10,17,10,11,18,16,9,13,16,10,7,11,16,14,10,20,9,6,10,6,9,10,11,10,7,10,15,8,11,19,10,15,8,20,12,10,10
Houston,B12,"11-1",+1,11,>>,19,8,13,2,7,14,18,22,14,5,10,17,18,9,22,15,30,13,20,21,4,7,8,1,15,4,8,13,9,18,17,8,6,6,8,11,13,11,5,5,9,14,13
Nebraska,B10,"12-0",+1,12,>>,18,25,10,31,12,5,9,30,12,14,21,10,5,21,7,8,5,7,22,25,24,28,13,14,12,15,13,6,15,8,3,18,20,13,9,29,7,24,15,27,20,6,8
Alabama,SEC,"9-3",+1,13,>>,21,16,14,6,11,13,34,14,18,15,7,13,14,17,10,12,15,19,11,15,11,14,15,12,11,12,14,17,12,14,24,12,18,19,12,15,14,17,10,18,17,13,14
Louisville,ACC,"10-2",-3,14,>>,12,12,16,15,21,25,13,9,15,13,9,18,44,14,29,23,51,14,8,11,12,8,14,18,20,19,16,30,20,12,46,13,10,16,24,9,17,10,11,7,15,16,28
Illinois,B10,"8-3",,15,>>,9,13,18,19,18,18,47,18,13,24,13,14,23,12,11,14,27,17,10,12,15,12,19,19,14,17,20,25,14,16,31,15,13,18,14,13,22,12,17,15,14,26,17
Kansas,B12,"9-3",,16,>>,17,17,15,17,16,16,48,11,16,17,14,15,19,16,18,17,13,21,18,18,13,19,17,21,13,23,17,16,13,19,21,14,12,22,21,23,15,14,22,16,16,15,19
North Carolina,ACC,"11-1",,17,>>,22,22,12,21,14,12,15,29,19,16,24,30,13,22,15,13,11,15,29,27,21,26,12,13,22,21,12,12,16,13,13,21,22,11,17,27,12,27,16,34,23,12,12
Texas Tech,B12,"9-3",+4,18,>>,32,24,19,13,19,17,51,34,23,12,26,27,16,24,19,16,6,12,26,29,32,25,16,16,21,22,15,15,17,22,16,16,23,17,15,18,16,26,23,23,26,19,16
Iowa,B10,"10-2",+4,19,>>,10,18,31,42,22,20,17,12,11,27,20,20,30,19,20,19,28,23,21,17,18,21,23,28,17,27,25,26,18,23,32,27,16,"--",25,25,31,16,24,30,19,28,21
Tennessee,SEC,"9-3",+6,20,>>,14,15,25,12,17,31,30,13,26,29,12,19,46,15,37,28,55,26,19,23,14,17,20,17,19,14,19,43,19,34,47,19,21,21,20,14,33,20,18,13,13,31,37
Arkansas,SEC,"9-3",-3,21,>>,23,23,20,27,25,23,42,36,27,18,23,25,36,27,25,18,47,22,27,26,22,22,18,20,29,25,18,31,26,15,45,25,19,20,19,21,24,23,20,32,22,21,29
Georgia,SEC,"10-1",-2,22,>>,28,21,29,30,23,30,21,10,20,32,11,11,47,23,48,32,59,16,12,10,27,15,24,31,18,28,23,34,27,17,38,22,25,24,39,22,36,18,13,26,18,30,25
Florida,SEC,"8-4",-2,23,>>,24,11,32,5,20,41,61,16,21,19,16,12,52,11,66,39,44,29,25,20,17,16,22,10,16,9,22,51,22,27,68,17,14,"--",16,10,38,19,103,11,11,40,31
St John's,BE,"7-4",-5,24,>>,26,20,37,16,28,46,65,28,28,20,17,21,43,20,24,31,37,28,15,16,19,18,"--",23,24,16,"--",53,21,20,50,20,51,"--",22,16,50,21,19,17,24,50,44
Kentucky,SEC,"8-4",+5,25,>>,13,19,41,20,26,47,45,20,22,21,19,28,61,18,34,26,98,27,14,13,23,13,"--",28,34,24,"--",60,25,36,75,23,17,25,23,17,44,13,21,14,21,43,40
Utah St,MWC,"10-1",+9,26,>>,31,32,24,40,33,32,38,26,17,30,28,24,21,28,43,33,14,18,28,28,30,32,"--",40,23,26,"--",20,23,42,19,28,29,"--",37,41,20,28,43,25,31,29,27
St Mary's CA,WCC,"10-2",-2,27,>>,25,43,27,28,32,33,28,31,24,28,30,56,17,33,28,35,8,24,31,32,29,39,"--",25,26,18,"--",23,24,33,15,24,34,"--",31,32,27,32,30,37,35,44,30
Virginia,ACC,"10-1",-1,28,>>,20,29,22,64,30,28,23,21,30,23,29,38,45,26,32,36,66,36,34,33,25,30,21,33,25,35,21,29,39,26,41,41,24,14,33,26,26,35,27,41,28,18,32
Auburn,SEC,"8-4",-5,29,>>,36,33,34,3,15,24,49,52,43,25,40,23,34,37,26,20,35,53,40,50,42,31,"--",14,45,20,"--",42,30,29,51,26,26,"--",18,30,28,39,28,28,41,25,39
USC,B10,"12-1",-2,30,>>,37,39,17,49,27,15,69,49,39,22,46,31,12,38,30,24,19,30,46,44,38,43,25,43,35,41,24,14,35,28,12,37,33,15,29,37,18,50,29,48,40,23,18
Villanova,BE,"9-2",+6,31,>>,41,34,46,48,31,29,37,33,29,36,36,40,32,30,13,29,25,44,38,37,37,37,"--",27,31,32,"--",32,28,43,34,38,31,"--",27,46,32,34,33,35,38,27,26
St Louis,A10,"11-1",+1,32,>>,27,36,33,87,55,36,14,27,25,38,31,29,27,40,41,37,42,20,17,19,34,34,"--",65,27,42,"--",28,32,21,25,36,43,"--",49,33,39,29,42,36,34,41,20
LSU,SEC,"10-1",-4,33,>>,45,38,23,61,34,26,20,58,34,48,39,37,24,36,23,22,31,33,33,34,33,40,"--",59,30,45,"--",22,41,25,23,35,47,"--",36,42,29,44,31,46,37,33,23
SMU,ACC,"10-2",-2,34,>>,59,42,26,34,38,21,26,45,37,42,64,42,20,42,21,25,18,34,37,35,47,41,"--",33,33,44,"--",21,36,30,20,31,45,"--",34,39,25,40,37,50,46,24,24
UCLA,B10,"9-3",+1,35,>>,33,30,39,29,36,38,44,47,40,26,45,26,35,32,40,30,67,40,36,39,28,33,"--",30,46,33,"--",41,33,52,48,39,27,23,26,28,46,37,39,21,25,47,38
UCF,B12,"10-1",+3,36,>>,40,49,28,46,37,22,29,44,33,31,54,51,15,43,12,21,21,41,48,43,50,49,"--",39,28,37,"--",18,31,51,14,32,49,"--",32,65,23,42,41,55,49,22,15
Baylor,B12,"9-2",+6,37,>>,30,27,43,26,24,43,40,19,42,37,42,41,48,29,69,45,92,32,32,31,39,27,"--",26,41,31,"--",52,29,54,53,29,28,"--",43,31,35,30,32,29,33,39,48
Clemson,ACC,"10-3",-4,38,>>,43,41,40,22,29,34,39,35,38,34,33,36,56,35,53,43,39,45,35,36,31,36,"--",24,43,29,"--",54,38,44,56,30,38,"--",47,35,37,33,25,24,36,35,52
Indiana,B10,"9-3",-8,39,>>,16,28,54,38,43,61,25,37,32,46,27,43,74,31,55,58,72,35,23,22,20,23,"--",45,36,36,"--",62,40,32,63,33,37,"--",44,20,57,25,26,19,32,52,51
Seton Hall,BE,"11-1",+1,40,>>,39,51,21,121,41,19,19,41,36,80,53,33,25,44,27,27,22,31,50,41,43,60,"--",66,32,52,"--",19,37,37,18,57,32,"--",30,54,19,38,62,57,42,17,22
NC State,ACC,"9-4",+3,41,>>,29,26,47,75,46,51,31,24,31,40,25,39,59,25,39,46,83,37,24,24,26,24,"--",66,38,38,"--",67,34,49,73,34,30,"--",28,24,55,22,53,22,27,56,47
Miami FL,ACC,"11-2",-2,42,>>,47,35,38,111,54,45,11,25,35,96,35,22,57,34,46,42,96,38,30,30,35,35,"--",59,37,70,"--",46,47,35,49,47,41,"--",35,34,47,31,63,42,30,36,36
Ohio St,B10,"8-3",-1,43,>>,38,31,55,37,35,52,80,43,49,50,38,58,67,39,57,51,60,49,39,38,36,29,"--",55,49,53,"--",63,44,45,66,42,40,"--",54,36,54,36,45,33,29,46,56
Oklahoma St,B12,"11-1",-6,44,>>,77,57,30,67,40,27,24,73,74,41,57,71,28,62,31,34,63,39,51,54,62,64,"--",35,47,50,"--",27,50,24,30,48,79,"--",40,53,21,66,38,73,65,20,33
Butler,BE,"9-3",+5,45,>>,57,55,44,74,53,42,58,46,46,63,51,49,49,49,45,41,58,59,44,45,48,51,"--",57,42,61,"--",45,57,46,54,49,52,"--",51,58,43,48,48,47,66,42,43
New Mexico,MWC,"10-2",+6,46,>>,42,67,52,41,48,44,52,64,55,33,49,60,26,68,54,47,26,47,64,63,80,66,"--",37,48,30,"--",38,43,50,28,45,53,"--",50,73,48,57,66,78,74,45,42
Oklahoma,SEC,"8-3",,47,>>,62,48,53,43,44,35,73,77,61,49,61,50,54,54,52,40,93,48,63,71,58,52,"--",46,53,51,"--",50,58,41,69,51,48,"--",42,45,53,56,36,43,43,53,58
Texas A&M,SEC,"9-3",+8,48,>>,52,44,74,25,45,74,36,32,64,51,34,93,76,48,42,61,121,52,61,48,44,42,"--",46,58,49,"--",86,48,31,90,44,36,"--",59,43,79,46,44,31,48,75,60
California,ACC,"12-1",+15,49,>>,63,65,36,83,60,37,16,65,44,70,70,34,31,58,36,38,56,42,54,49,61,70,"--",70,57,71,"--",39,55,58,42,55,73,"--",46,75,34,64,58,72,58,32,34
Boise St,MWC,"8-4",-5,50,>>,44,52,57,65,63,71,92,113,48,45,41,64,29,53,50,52,17,58,42,47,41,55,"--",52,82,46,"--",40,42,90,37,40,44,"--",48,51,49,63,61,80,57,72,54
Creighton,BE,"7-5",+29,51,>>,46,37,85,35,39,53,78,60,58,60,48,32,73,46,68,55,76,62,49,52,46,45,"--",36,62,40,"--",83,45,91,93,50,35,"--",41,44,69,43,54,45,45,65,71
VCU,A10,"8-4",+5,52,>>,48,45,66,47,68,77,50,42,53,68,43,44,68,41,67,59,75,56,47,42,51,44,"--",58,40,39,"--",71,46,65,78,46,57,"--",45,47,76,45,49,49,51,78,62
Virginia Tech,ACC,"11-2",,53,>>,83,71,42,91,51,39,27,39,59,55,76,66,37,67,33,50,29,61,66,59,72,67,"--",50,52,69,"--",35,61,47,29,65,60,"--",62,69,40,70,52,82,80,38,45
Kansas St,B12,"8-4",+13,54,>>,56,58,56,66,58,55,74,57,52,74,65,45,53,59,56,48,48,50,41,40,60,50,"--",40,51,75,"--",61,52,61,59,56,59,"--",63,55,61,47,64,51,60,67,49
Wisconsin,B10,"7-4",-7,55,>>,51,47,87,24,42,65,75,48,75,64,32,65,84,45,79,63,80,67,57,60,49,46,"--",32,60,43,"--",84,60,53,89,43,39,"--",38,38,68,60,34,38,53,62,77
Colorado,B12,"10-2",-10,56,>>,87,73,59,71,49,49,33,68,60,52,75,75,38,69,49,53,46,57,73,70,83,73,"--",46,54,62,"--",47,49,38,36,54,61,"--",58,68,51,75,47,87,71,49,55
Tulsa,AAC,"11-1",+8,57,>>,34,80,35,174,85,40,56,76,41,100,62,35,22,82,44,44,24,25,56,51,86,80,"--",96,39,85,"--",24,63,48,22,73,99,"--",72,95,30,59,82,86,78,37,35
Belmont,MVC,"12-1",+13,58,>>,55,69,50,89,70,50,22,55,50,43,84,55,40,63,51,66,71,54,74,64,76,75,"--",75,44,58,"--",33,54,63,39,69,77,"--",70,89,42,54,65,105,67,51,46
Wake Forest,ACC,"9-4",-10,59,>>,79,61,81,50,57,62,63,87,68,57,56,77,71,61,47,54,95,65,43,56,56,56,"--",52,68,59,"--",64,64,40,58,52,56,"--",66,52,63,62,56,56,62,59,64
McNeese St,SLC,"10-2",+3,60,>>,35,70,49,63,89,75,68,38,47,54,47,47,65,65,106,74,50,43,67,55,67,72,"--",74,55,68,"--",58,70,62,61,67,74,"--",84,76,56,49,60,54,55,60,59
TCU,B12,"9-3",-2,61,>>,72,54,58,57,52,66,59,56,66,65,63,46,78,57,98,65,168,69,52,61,57,53,"--",46,69,65,"--",78,51,64,87,58,58,"--",53,57,72,55,71,63,44,57,41
Missouri,SEC,"10-2",,62,>>,74,46,62,32,50,76,35,54,67,47,55,72,99,51,71,78,137,70,76,69,45,47,"--",64,59,57,"--",74,80,67,76,62,55,"--",67,48,73,72,35,40,47,61,73
Texas,SEC,"8-4",+5,63,>>,50,40,69,55,47,87,87,40,54,71,37,63,128,47,77,57,211,55,45,46,40,38,"--",79,64,72,"--",104,65,78,130,61,42,"--",52,40,84,41,46,44,39,81,83
Stanford,ACC,"10-2",+13,64,>>,68,82,48,60,61,54,41,66,76,44,68,69,33,80,64,56,52,77,70,72,69,83,"--",55,63,56,"--",48,56,70,33,53,76,"--",65,77,58,77,68,84,82,58,50
Akron,MAC,"9-3",+7,65,>>,58,59,63,76,97,81,53,23,51,61,52,91,70,55,59,84,53,64,53,53,59,57,"--",68,50,64,"--",76,62,71,65,60,65,"--",83,78,87,52,79,81,69,92,70
Washington,B10,"7-4",-6,66,>>,53,50,61,104,74,68,85,94,56,77,69,48,64,50,76,64,73,46,60,57,55,48,"--",94,56,94,"--",72,69,59,80,72,46,"--",57,49,80,53,85,58,52,83,78
Yale,Ivy,"11-1",+2,67,>>,84,76,51,72,81,59,164,86,45,39,60,57,39,76,58,62,33,51,87,78,74,79,"--",83,70,55,"--",37,72,57,26,74,84,"--",69,86,45,86,67,107,63,48,53
George Mason,A10,"11-1",-7,68,>>,85,89,64,73,76,60,32,78,71,35,66,85,50,78,35,60,49,68,78,87,90,91,"--",61,72,54,"--",44,77,56,35,77,80,"--",71,81,52,96,51,68,79,54,57
Notre Dame,ACC,"9-4",-15,69,>>,78,62,70,81,69,58,57,70,82,85,58,68,75,64,74,69,79,78,59,76,77,62,"--",75,65,89,"--",55,73,55,52,76,62,"--",73,70,77,71,76,60,64,64,72
Colorado St,MWC,"9-3",-12,70,>>,65,92,72,54,67,73,67,75,70,53,50,67,66,74,38,73,70,80,82,80,88,82,"--",40,67,34,"--",69,67,66,67,66,54,"--",81,83,78,93,40,70,102,80,85
San Diego St,MWC,"6-4",-1,71,>>,60,53,103,59,66,88,101,83,87,59,88,54,62,52,129,70,99,71,55,68,54,61,"--",61,66,47,"--",85,53,74,84,59,66,"--",55,50,82,67,89,85,61,86,82
Arizona St,B12,"9-4",-21,72,>>,86,72,60,68,56,48,66,90,84,92,72,86,55,77,60,49,61,85,72,83,84,77,"--",82,75,93,"--",36,76,39,43,68,81,"--",60,80,59,84,75,99,86,55,65
UC San Diego,BWC,"10-2",-7,73,>>,69,84,71,53,79,63,81,102,62,58,89,62,51,89,62,80,36,76,88,90,91,100,"--",54,61,48,"--",57,71,69,44,64,93,"--",99,105,64,90,50,106,92,63,67
Nevada,MWC,"9-3",+4,74,>>,66,91,73,85,71,64,64,97,80,56,86,80,41,86,63,68,32,87,81,84,78,96,"--",73,74,60,"--",59,59,76,40,70,72,"--",75,92,62,82,93,93,89,77,63
Santa Clara,WCC,"9-4",-20,75,>>,54,86,78,69,75,67,62,111,89,87,73,89,63,79,82,67,41,89,71,75,52,85,"--",70,73,63,"--",65,74,60,62,63,88,"--",68,67,83,88,69,97,76,85,75
Utah Valley,WAC,"10-3",,76,>>,49,88,68,90,95,85,86,50,57,75,82,76,69,85,110,91,45,74,65,65,68,95,"--",88,79,74,"--",75,66,85,72,79,90,"--",97,96,66,51,97,108,81,88,80
Oregon,B10,"6-6",+10,77,>>,64,56,168,36,65,94,120,91,103,88,77,70,81,73,85,75,102,94,75,77,64,59,"--",50,103,66,"--",114,68,96,107,71,50,"--",56,62,113,69,70,65,54,125,88
Northwestern,B10,"7-5",-4,78,>>,61,60,102,62,72,96,111,59,77,104,44,99,143,56,92,89,133,83,62,62,63,54,"--",93,78,80,"--",122,81,79,136,78,63,"--",85,61,108,61,55,52,68,108,100
Dayton,A10,"9-4",-6,79,>>,76,68,94,79,78,83,54,61,91,76,74,82,110,66,96,96,127,102,89,89,65,71,"--",79,84,76,"--",94,83,80,98,92,75,"--",82,60,89,79,78,64,59,76,93
Northern Iowa,MVC,"9-2",+1,80,>>,75,96,84,97,87,91,126,82,81,79,79,61,58,95,65,82,69,72,92,86,81,86,"--",79,77,77,"--",66,78,75,55,81,101,"--",89,98,71,87,90,91,90,79,68
Syracuse,ACC,"8-4",+1,81,>>,91,75,86,98,80,79,90,51,92,91,67,87,97,83,70,72,115,97,91,91,71,74,"--",70,96,90,"--",90,85,89,104,89,87,"--",64,74,85,92,72,67,75,73,84
Illinois St,MVC,"10-3",+13,82,>>,70,85,75,110,102,82,119,84,65,84,105,52,77,90,81,93,77,60,80,74,73,89,"--",113,86,92,"--",80,79,86,79,93,83,"--",104,101,75,58,92,89,87,84,74
South Florida,AAC,"7-5",+3,83,>>,89,79,80,151,112,95,88,53,63,144,81,53,92,84,99,81,78,66,68,67,66,81,"--",129,71,102,"--",95,88,82,116,85,92,"--",74,64,91,68,108,79,73,94,89
Murray St,MVC,"10-3",+9,84,>>,73,99,65,113,101,78,43,85,69,82,87,83,82,94,72,83,97,79,84,82,102,97,"--",103,85,88,"--",77,89,84,83,90,97,"--",96,100,65,83,84,101,93,74,76
West Virginia,B12,"8-4",-2,85,>>,90,64,116,44,73,121,72,62,97,102,59,94,163,70,94,105,239,105,79,79,53,63,"--",83,91,82,"--",146,86,92,146,75,78,"--",79,66,140,65,59,39,56,115,109
Miami OH,MAC,"12-0",+6,86,>>,98,104,45,95,84,56,60,99,79,67,123,59,80,113,14,85,176,75,125,112,107,104,"--",96,90,108,"--",49,115,81,64,103,160,"--",86,115,41,110,94,100,96,34,61
Xavier,BE,"9-4",-12,87,>>,140,98,106,51,59,69,70,131,122,62,127,74,86,103,80,77,94,125,103,106,105,90,"--",44,107,79,"--",87,91,72,77,83,68,"--",91,91,70,113,73,102,109,68,92
Grand Canyon,MWC,"7-4",+16,88,>>,80,83,95,94,100,100,89,79,93,86,97,103,90,87,100,86,89,93,86,85,70,88,"--",85,76,83,"--",93,75,98,102,88,86,"--",90,82,101,81,102,92,84,109,90
Mississippi,SEC,"7-5",-10,89,>>,100,63,119,39,77,110,97,89,98,99,71,128,131,60,111,99,157,104,85,95,82,65,"--",63,100,67,"--",112,96,93,114,80,91,"--",61,59,109,94,57,53,70,117,122
G Washington,A10,"8-4",-1,90,>>,71,77,91,119,129,130,79,72,78,123,85,73,107,81,135,94,112,81,69,66,79,69,"--",128,80,97,"--",99,98,88,105,87,98,"--",95,63,111,78,91,75,72,114,87
Mississippi St,SEC,"7-5",+5,91,>>,122,81,129,45,64,80,108,104,124,69,103,114,83,88,73,88,88,111,101,111,104,76,"--",69,113,81,"--",103,87,110,101,84,67,"--",76,72,102,106,86,62,77,107,99
St Bonaventure,A10,"11-2",-4,92,>>,102,114,77,106,96,57,55,136,96,66,124,126,42,114,61,76,20,88,117,108,116,121,"--",89,89,98,"--",56,94,73,27,97,119,"--",94,108,60,117,154,118,116,66,66
Wyoming,MWC,"9-3",-9,93,>>,67,102,83,149,118,111,71,92,73,163,94,79,88,97,95,90,117,63,58,58,94,102,"--",139,83,113,"--",89,82,68,81,94,141,"--",93,103,92,73,121,115,98,111,79
Cincinnati,B12,"7-5",+5,94,>>,110,66,145,58,83,138,82,67,107,111,78,84,152,72,142,115,175,109,94,81,85,58,"--",75,101,95,"--",131,90,106,127,86,70,"--",87,56,149,76,87,59,50,140,126
Memphis,AAC,"4-7",-4,95,>>,81,74,178,56,82,104,163,100,120,105,83,98,136,71,121,108,134,106,83,98,75,78,"--",75,106,73,"--",151,84,94,159,82,64,"--",92,79,135,85,106,69,94,119,140
Providence,BE,"7-6",-11,96,>>,93,78,135,112,94,108,112,74,99,153,90,96,133,75,113,98,120,99,95,92,92,68,"--",133,88,109,"--",128,100,83,133,100,69,"--",77,71,128,91,113,61,83,132,103
Richmond,A10,"10-2",-7,97,>>,105,103,76,189,117,99,116,96,90,139,108,102,85,98,75,100,101,82,98,96,99,115,"--",137,99,114,"--",70,97,77,71,113,118,"--",102,113,81,102,98,114,104,87,81
Seattle,WCC,"10-2",+16,98,>>,106,111,79,129,103,84,121,129,94,103,115,88,60,110,139,79,110,91,99,102,109,113,"--",98,104,106,"--",68,93,114,57,102,117,"--",100,110,86,105,99,125,115,82,86
Wichita St,AAC,"8-5",+9,99,>>,82,97,99,122,111,134,93,95,88,120,80,78,115,93,107,117,146,86,77,73,93,94,"--",101,93,91,"--",138,92,126,132,91,94,"--",110,97,143,80,107,95,91,156,110
Georgetown,BE,"8-4",-3,100,>>,116,100,104,92,90,72,83,119,137,117,111,101,109,104,89,87,108,142,126,125,112,107,"--",87,127,111,"--",106,124,104,106,110,105,"--",78,87,93,133,83,94,97,71,105
Liberty,CUSA,"8-3",+23,101,>>,92,101,97,93,114,106,134,105,113,81,91,154,104,102,112,107,84,137,112,116,95,108,"--",91,117,86,"--",110,113,145,113,96,85,"--",98,104,98,121,104,90,101,90,111
FL Atlantic,AAC,"8-4",-2,102,>>,88,116,108,120,107,105,117,110,104,112,107,104,87,111,83,103,54,121,100,99,119,116,"--",107,94,104,"--",98,99,101,91,108,112,"--",109,109,105,101,122,120,107,112,108
Cal Baptist,WAC,"10-3",+2,103,>>,121,131,90,126,110,70,46,156,101,116,136,110,72,126,84,92,87,100,133,129,111,130,"--",99,108,130,"--",79,118,99,70,118,131,"--",108,125,74,129,109,142,149,70,96
Bowling Green,MAC,"9-3",+15,104,>>,117,117,82,193,152,133,135,63,83,169,92,92,105,107,91,104,128,84,90,88,98,106,"--",141,81,135,"--",105,104,87,103,126,153,"--",107,118,103,74,129,122,110,116,97
South Carolina,SEC,"7-4",-4,105,>>,94,90,127,102,99,155,98,103,108,130,99,106,157,91,104,125,214,110,93,94,101,87,"--",126,98,105,"--",142,110,97,141,109,104,"--",113,94,147,97,80,74,95,134,112
Minnesota,B10,"7-5",+10,106,>>,145,93,138,99,98,117,95,93,106,110,101,113,127,99,118,110,178,127,104,100,87,92,"--",109,122,107,"--",147,102,122,149,101,89,"--",106,90,139,98,96,77,99,121,118
Maryland,B10,"6-6",-4,107,>>,148,95,169,33,62,86,123,117,159,89,110,137,135,100,86,119,132,170,139,149,120,101,"--",38,133,78,"--",135,109,129,147,95,71,"--",80,99,120,124,74,66,105,96,145
San Francisco,WCC,"8-5",+1,108,>>,127,94,130,82,88,101,155,115,117,94,118,105,129,96,116,118,152,114,107,114,89,99,"--",85,123,96,"--",136,103,130,138,99,95,"--",103,88,136,114,100,83,85,123,127
Hawaii,BWC,"10-2",-3,109,>>,96,109,111,176,128,119,76,121,109,150,112,120,91,106,78,71,200,92,96,97,96,111,"--",147,120,133,"--",101,105,102,86,112,132,"--",88,106,104,109,130,130,112,104,91
Pittsburgh,ACC,"7-6",+24,110,>>,97,87,143,70,86,123,104,71,119,129,106,117,140,92,88,112,142,117,109,137,97,84,"--",122,110,117,"--",160,95,135,156,98,102,"--",101,93,141,89,112,76,88,148,125
Hofstra,CAA,"9-4",+7,111,>>,101,110,89,152,122,89,200,101,86,148,93,100,103,108,125,111,34,90,127,120,115,112,"--",180,87,136,"--",108,101,120,119,123,103,"--",125,119,88,95,138,119,114,95,98
Sam Houston St,CUSA,"7-4",-5,112,>>,108,121,92,173,123,97,243,118,85,162,102,81,89,118,130,95,38,73,97,110,144,124,"--",129,97,137,"--",73,107,103,82,124,129,"--",111,121,94,99,152,124,125,110,113
William & Mary,CAA,"9-3",-3,113,>>,129,119,67,153,146,93,192,80,72,146,126,112,102,122,103,109,62,95,106,109,103,126,"--",147,95,134,"--",81,117,108,92,116,126,"--",127,139,67,107,150,136,136,69,106
Kent,MAC,"10-2",+3,114,>>,131,122,109,109,113,103,107,124,144,73,129,125,95,129,105,116,111,118,131,130,121,123,"--",91,121,103,"--",91,114,107,74,115,110,"--",120,127,95,134,95,129,119,91,69
Davidson,A10,"8-3",-13,115,>>,109,129,96,136,115,116,130,114,105,140,113,149,101,119,102,101,113,119,102,103,108,132,"--",129,111,119,"--",102,112,100,96,114,146,"--",112,123,96,119,126,123,127,103,95
Rhode Island,A10,"8-4",-3,116,>>,119,115,93,130,137,136,96,98,102,135,117,109,121,105,119,114,114,98,108,104,117,117,"--",167,102,124,"--",107,120,105,109,120,124,"--",115,112,115,108,120,98,117,120,107
Utah,B12,"8-4",-2,117,>>,156,112,131,80,91,102,110,135,133,115,121,133,96,123,122,97,139,132,116,122,114,114,"--",94,131,121,"--",109,111,112,97,104,106,"--",105,111,117,130,105,104,123,118,116
High Point,BSo,"10-3",-7,118,>>,103,107,122,100,132,153,145,69,115,95,96,95,159,101,163,166,189,101,111,101,100,93,"--",129,115,101,"--",143,137,111,125,121,116,"--",119,102,144,103,81,71,111,130,119
UAB,AAC,"9-4",+3,119,>>,107,106,118,108,106,137,131,88,118,83,120,97,156,109,174,142,215,107,115,105,106,103,"--",102,125,87,"--",145,108,132,150,111,100,"--",126,116,129,100,101,96,103,129,137
UNC Wilmington,CAA,"10-2",-26,120,>>,125,120,100,103,119,124,77,145,116,78,131,152,113,115,115,139,125,134,137,126,125,118,"--",115,118,100,"--",113,119,95,88,122,121,"--",132,124,118,137,88,110,108,101,101
Bradley,MVC,"9-4",+8,121,>>,143,108,125,86,105,114,147,128,121,72,109,124,125,117,128,134,143,133,123,117,118,109,"--",103,114,84,"--",134,106,146,123,107,96,"--",124,114,126,112,118,109,106,144,114
Penn St,B10,"8-4",-24,122,>>,173,123,146,78,93,129,94,116,145,114,98,157,142,128,127,136,135,152,110,93,130,119,"--",120,132,120,"--",100,133,113,100,105,108,"--",135,117,116,149,77,111,128,106,132
Arkansas St,SBC,"9-4",+20,123,>>,133,133,112,105,116,90,103,144,128,101,134,130,100,138,114,128,57,122,174,159,147,149,"--",121,135,118,"--",97,131,156,99,129,114,"--",131,142,100,145,124,128,137,102,136
Florida St,ACC,"6-6",-12,124,>>,123,118,187,88,104,160,105,137,139,138,100,144,165,112,141,149,199,129,105,107,113,105,"--",109,126,131,"--",168,132,117,169,106,107,"--",114,84,165,111,117,103,113,159,143
New Mexico St,CUSA,"7-3",+16,125,>>,104,125,98,158,134,125,141,159,110,134,114,121,79,132,120,106,65,130,143,124,122,155,"--",122,156,116,"--",133,116,162,121,119,128,"--",116,138,133,147,115,157,134,128,128
SF Austin,SLC,"9-2",+6,126,>>,120,136,101,211,133,120,184,109,112,185,95,132,98,140,171,129,122,103,118,113,128,135,"--",144,109,156,"--",92,126,125,95,135,159,"--",118,149,99,123,151,151,118,97,102
DePaul,BE,"8-5",-2,127,>>,142,113,140,123,121,131,91,132,150,141,130,135,138,120,123,120,204,148,121,118,126,110,"--",118,136,139,"--",130,134,118,131,139,82,"--",122,107,138,125,119,116,120,122,135
MTSU,CUSA,"7-4",+5,128,>>,141,157,113,125,140,127,229,108,131,108,155,127,93,159,132,102,43,128,122,128,129,152,"--",113,153,123,"--",111,121,121,108,125,133,"--",134,152,97,144,137,159,176,100,120
Columbia,Ivy,"9-3",-8,129,>>,115,141,88,203,182,128,172,107,95,199,125,111,118,130,101,130,82,96,119,115,123,137,"--",234,92,166,"--",82,152,115,85,141,171,"--",143,143,107,118,174,153,145,98,94
Loy Marymount,WCC,"8-4",-3,130,>>,134,127,133,133,127,147,106,81,142,137,137,146,116,127,126,126,162,116,114,121,135,122,"--",139,134,128,"--",121,129,109,112,128,139,"--",130,134,152,127,133,112,126,160,124
UC Irvine,BWC,"8-5",-11,131,>>,149,143,148,84,125,143,125,106,152,90,150,122,111,144,131,133,106,136,141,123,124,125,"--",103,159,115,"--",153,123,119,151,117,111,"--",123,126,151,140,123,131,139,180,133
Pacific,WCC,"9-4",-6,132,>>,111,135,105,240,160,109,102,158,100,213,157,108,106,124,109,121,85,108,129,127,134,145,"--",156,119,175,"--",115,144,116,117,145,156,"--",142,144,106,122,167,138,138,113,123
Oakland,HL,"6-7",+14,133,>>,128,134,175,154,136,98,161,120,130,133,142,129,108,136,146,131,40,123,136,144,142,136,"--",126,112,153,"--",120,127,139,142,132,143,"--",147,146,121,115,163,154,151,127,129
WKU,CUSA,"7-4",+1,134,>>,124,144,117,162,149,151,156,153,123,174,135,90,112,148,147,123,116,120,113,119,137,142,"--",159,116,157,"--",119,125,127,122,134,140,"--",138,129,119,131,164,145,154,131,146
St Thomas MN,SL,"10-4",+7,135,>>,99,130,114,134,148,132,232,215,111,132,140,147,120,137,137,141,141,112,134,133,110,147,"--",147,124,141,"--",116,128,151,118,133,134,"--",136,122,114,126,147,160,133,155,134
Lipscomb,ASUN,"7-5",+1,136,>>,95,145,121,118,158,159,132,146,114,126,146,116,139,134,159,159,86,124,132,134,157,140,"--",144,105,132,"--",125,122,131,148,138,145,"--",152,165,145,104,155,137,150,151,130
Troy,SBC,"8-5",+13,137,>>,147,138,136,116,131,112,195,149,140,113,161,131,117,141,148,135,68,126,162,162,133,129,"--",124,138,142,"--",126,143,153,126,146,125,"--",149,135,137,141,146,134,129,139,151
Quinnipiac,MAAC,"9-4",+2,138,>>,158,160,110,146,155,92,168,157,141,121,152,119,122,154,87,113,100,147,181,178,136,154,"--",162,130,146,"--",88,149,128,94,156,147,"--",140,164,90,148,139,149,155,89,104
N Dakota St,SL,"10-4",-8,139,>>,118,149,132,138,130,118,208,139,138,127,116,145,147,146,160,147,130,113,147,136,132,144,"--",141,148,127,"--",118,135,134,115,130,138,"--",141,156,132,136,134,148,135,146,139
Towson,CAA,"7-5",-4,140,>>,161,137,151,127,142,113,329,134,146,98,141,140,119,131,155,127,64,146,160,163,166,141,"--",115,140,125,"--",123,139,144,140,137,115,"--",129,132,123,154,132,139,132,105,142
Georgia Tech,ACC,"8-4",+12,141,>>,202,126,170,107,120,157,100,143,187,106,151,183,154,133,93,155,188,176,144,140,152,128,"--",89,161,126,"--",159,138,161,137,136,123,"--",145,131,156,164,111,133,122,158,138
Iona,MAAC,"9-4",+15,142,>>,176,162,124,182,145,115,84,170,147,122,166,170,126,169,97,132,124,153,161,158,148,162,"--",144,145,144,"--",117,148,157,111,157,150,"--",164,178,112,159,144,164,171,126,131
North Texas,AAC,"8-4",+1,143,>>,196,148,144,101,108,135,129,166,178,97,156,203,153,139,152,157,182,160,172,173,163,143,"--",99,167,110,"--",154,136,152,144,142,109,"--",128,147,130,171,116,135,159,142,155
Marshall,SBC,"8-5",-6,144,>>,144,161,152,161,157,145,115,179,125,155,163,123,137,158,138,140,105,138,145,143,177,161,"--",147,128,163,"--",127,153,123,129,149,167,"--",148,154,134,142,157,155,160,157,150
Furman,SC,"9-4",+9,145,>>,170,151,128,131,161,149,143,162,160,109,178,107,123,156,144,145,81,159,175,156,160,164,"--",156,165,140,"--",139,140,158,135,155,136,"--",160,153,122,165,145,168,153,137,117
Marquette,BE,"5-8",-18,146,>>,157,105,239,52,92,173,154,155,183,136,122,163,218,116,180,172,276,183,130,147,143,98,"--",118,177,122,"--",224,142,141,222,127,127,"--",117,85,216,143,114,88,100,189,212
N Colorado,BSC,"9-3",-24,147,>>,153,170,115,128,139,144,212,233,134,131,188,160,124,167,124,143,144,157,152,152,162,168,"--",124,146,143,"--",124,151,138,120,140,164,"--",159,157,131,162,136,158,164,141,144
S Illinois,MVC,"6-7",-3,148,>>,112,128,202,186,151,169,137,122,127,186,104,138,202,121,190,178,171,115,128,131,138,131,"--",187,142,164,"--",170,154,149,187,152,130,"--",144,133,175,116,160,121,124,195,185
Rutgers,B10,"6-6",+2,149,>>,205,146,201,96,109,150,140,154,195,118,138,169,155,157,154,151,163,189,156,177,191,146,"--",103,178,129,"--",167,146,155,152,147,120,"--",139,128,163,178,125,127,144,147,156
UNLV,MWC,"5-6",+10,150,>>,169,132,216,115,124,165,149,141,182,124,132,162,164,143,149,168,207,193,148,171,131,133,"--",107,169,112,"--",192,145,179,180,144,113,"--",121,120,190,172,128,113,157,184,173
Massachusetts,MAC,"8-4",-5,151,>>,165,163,172,183,154,161,113,171,184,143,165,151,151,171,134,156,183,173,149,146,149,167,"--",169,147,138,"--",156,147,124,124,153,148,"--",154,166,161,170,149,141,146,175,115
Buffalo,MAC,"10-2",+13,152,>>,163,194,107,270,165,107,109,174,136,183,177,193,94,179,90,122,74,155,176,151,185,207,"--",177,141,185,"--",96,166,143,60,166,211,"--",153,196,110,180,173,234,166,99,121
Oregon St,WCC,"7-6",+8,153,>>,150,155,196,117,138,154,127,147,175,142,153,188,148,164,108,144,191,158,163,153,155,148,"--",151,173,149,"--",183,150,160,168,143,155,"--",133,159,164,161,135,146,162,208,166
Temple,AAC,"7-5",+24,154,>>,185,147,160,147,147,167,142,140,171,152,143,161,166,149,168,167,177,166,157,154,151,150,"--",165,155,148,"--",171,155,191,166,150,149,"--",146,140,169,167,140,126,148,172,162
Drake,MVC,"7-6",,155,>>,154,142,184,77,126,196,323,151,161,125,128,167,194,142,251,180,206,161,124,132,158,139,"--",111,171,99,"--",217,130,164,218,131,135,"--",161,151,202,132,110,143,147,229,181
UC Santa Barbara,BWC,"8-4",-8,156,>>,167,158,142,163,162,162,148,199,170,149,173,186,144,153,164,146,153,172,153,165,171,174,"--",152,170,160,"--",149,162,150,143,161,151,"--",137,150,154,183,141,147,141,167,160
Winthrop,BSo,"8-6",-18,157,>>,114,124,150,144,196,205,157,197,129,176,119,159,217,125,204,222,192,149,142,139,140,120,"--",187,129,158,"--",197,172,137,208,151,177,"--",156,130,207,120,153,140,121,210,187
Elon,CAA,"7-5",+21,158,>>,132,166,153,177,183,156,128,163,143,193,160,136,158,155,150,160,129,154,155,148,139,173,"--",212,150,172,"--",155,164,166,155,176,183,"--",167,190,162,146,177,171,178,171,148
UT Arlington,WAC,"7-4",-3,159,>>,171,180,134,199,150,139,165,138,151,194,158,141,130,175,178,150,90,167,182,184,193,172,"--",152,160,176,"--",129,163,142,139,160,165,"--",175,184,142,168,178,176,193,136,152
ETSU,SC,"8-5",-30,160,>>,135,140,156,170,174,193,118,152,155,167,144,166,223,135,203,207,237,156,140,135,164,127,"--",172,166,150,"--",194,170,140,186,167,157,"--",162,137,191,135,143,144,130,191,179
Youngstown St,HL,"8-5",+2,161,>>,139,165,155,156,164,166,187,142,153,154,167,158,175,160,170,173,159,143,170,168,127,151,"--",175,144,174,"--",166,161,163,174,172,158,"--",180,169,157,138,186,167,152,174,147
Mercer,SC,"7-5",-13,162,>>,136,176,154,225,172,141,240,165,132,216,169,139,160,163,162,158,104,151,158,164,176,169,"--",214,137,193,"--",140,168,136,160,169,187,"--",190,171,124,150,184,161,177,124,149
Robert Morris,HL,"10-4",+6,163,>>,181,184,126,124,153,122,236,178,163,93,201,198,149,176,140,161,136,168,197,193,172,187,"--",115,168,147,"--",137,173,178,134,162,181,"--",177,199,125,188,127,196,189,133,154
Idaho,BSC,"8-4",+2,164,>>,138,171,123,234,173,140,213,177,135,202,162,155,150,187,136,148,123,135,151,167,150,166,"--",183,152,200,"--",144,184,173,163,171,152,"--",166,158,148,166,176,170,186,145,178
Marist,MAAC,"8-3",-1,165,>>,183,156,139,169,194,180,136,123,157,160,190,168,167,151,158,182,172,169,178,142,156,163,"--",203,139,159,"--",179,159,154,161,164,168,"--",191,174,166,163,162,194,142,154,141
Kennesaw,CUSA,"8-4",-8,166,>>,188,154,141,143,169,195,159,130,172,161,186,174,174,162,187,174,265,164,191,181,161,134,"--",159,175,155,"--",178,167,147,171,159,122,"--",183,160,172,151,158,117,158,162,167
UC Davis,BWC,"6-5",+6,167,>>,146,175,165,227,163,148,160,186,158,204,187,118,132,165,117,124,103,139,171,161,183,186,"--",171,158,183,"--",163,158,185,162,158,173,"--",151,176,153,176,185,225,187,170,157
Tarleton St,WAC,"9-4",+6,168,>>,160,181,120,222,156,126,197,254,168,191,182,115,146,186,151,137,119,144,179,174,189,195,"--",133,179,170,"--",141,157,190,153,154,172,"--",173,183,127,177,192,241,168,93,158
Washington St,WCC,"5-8",+18,169,>>,137,150,228,139,144,181,175,200,167,187,159,142,172,152,183,163,184,175,135,141,154,158,"--",180,176,165,"--",195,141,218,200,148,144,"--",150,136,204,152,193,186,163,246,176
Toledo,MAC,"6-6",+1,170,>>,172,169,190,167,171,189,180,176,164,188,200,182,176,161,176,169,147,145,159,169,170,159,"--",175,149,169,"--",173,156,170,183,165,166,"--",163,161,183,153,211,177,169,211,161
Siena,MAAC,"9-3",-19,171,>>,178,177,137,196,190,163,99,180,169,178,183,179,169,174,177,185,174,179,193,182,153,176,"--",230,151,177,"--",150,190,133,128,181,194,"--",186,167,155,184,156,203,161,143,153
Cornell,Ivy,"6-5",+5,172,>>,159,159,185,132,168,190,252,173,149,156,171,201,193,166,197,202,149,165,186,190,175,153,"--",198,154,162,"--",189,178,192,206,174,162,"--",192,155,184,157,148,152,156,178,184
Duquesne,A10,"6-5",-6,173,>>,175,139,192,180,175,222,171,175,191,179,145,204,190,147,194,187,220,204,166,170,145,156,"--",182,186,151,"--",186,165,189,178,173,142,"--",170,145,193,181,131,166,143,190,186
Tulane,AAC,"9-4",+22,174,>>,250,193,159,157,141,142,114,262,225,107,231,231,114,198,133,152,151,250,212,207,199,209,"--",111,236,154,"--",132,174,205,110,168,163,"--",169,185,150,251,159,202,192,153,164
Idaho St,BSC,"7-6",-13,175,>>,113,178,163,221,191,178,181,207,126,245,133,134,171,172,188,153,167,140,120,145,186,198,"--",187,182,196,"--",148,169,174,175,163,215,"--",155,175,187,156,195,274,183,218,205
Col Charleston,CAA,"7-6",+9,176,>>,204,168,180,140,159,168,138,319,193,128,194,171,168,181,167,164,201,195,184,183,200,178,"--",165,190,145,"--",201,160,199,201,175,137,"--",157,162,170,186,171,197,172,204,177
Boston College,ACC,"5-6",-1,177,>>,184,152,238,171,170,237,169,161,177,195,149,206,210,145,207,201,240,174,154,150,146,157,"--",187,172,161,"--",216,175,194,223,180,154,"--",171,141,231,173,161,163,131,237,172
Florida Intl,CUSA,"6-4",+6,178,>>,190,182,162,273,209,183,167,148,173,217,197,178,134,180,172,165,126,194,169,175,165,194,"--",185,181,178,"--",158,183,171,145,194,182,"--",179,200,173,185,203,240,184,138,159
South Alabama,SBC,"9-4",-20,179,>>,242,191,157,135,143,146,124,209,192,147,203,237,183,194,156,188,196,198,258,234,201,180,"--",141,197,168,"--",165,200,172,164,178,161,"--",194,191,160,219,142,185,188,152,203
Vermont,AEC,"8-6",+10,180,>>,180,179,177,209,189,175,211,193,174,151,180,199,177,185,181,171,138,180,187,185,187,181,"--",193,192,167,"--",174,177,209,170,182,184,"--",176,170,179,191,187,195,181,220,170
Austin Peay,ASUN,"5-5",-1,181,>>,155,195,183,256,201,197,190,126,156,247,172,165,196,192,179,186,145,131,165,166,169,177,"--",228,162,224,"--",181,198,165,198,205,212,"--",198,181,167,158,214,175,191,168,190
Wright St,HL,"5-7",,182,>>,126,153,227,231,205,248,342,125,148,263,147,143,231,150,173,212,194,150,138,138,141,138,"--",252,143,202,"--",225,176,180,247,189,193,"--",174,163,245,128,218,132,140,266,195
Montana St,BSC,"5-7",+12,183,>>,130,167,218,197,185,213,220,133,154,246,154,191,201,168,235,192,173,141,146,155,159,160,"--",203,157,201,"--",219,171,216,236,170,205,"--",188,148,215,139,206,162,170,243,210
TN Martin,OVC,"9-4",+7,184,>>,182,213,149,253,207,158,133,167,166,234,139,156,181,201,157,184,166,171,189,187,243,214,"--",214,164,221,"--",152,194,182,165,206,250,"--",203,219,146,174,202,222,205,149,169
Colgate,PL,"6-6",-4,185,>>,164,183,181,241,193,192,312,227,165,220,168,212,187,173,234,198,107,181,168,180,167,171,"--",260,163,208,"--",169,182,175,176,192,174,"--",193,179,168,169,205,187,179,166,182
PFW,HL,"8-6",+31,186,>>,198,199,161,155,177,152,273,160,199,164,265,209,162,203,165,162,131,177,227,205,213,182,"--",172,194,209,"--",203,181,201,207,193,178,"--",184,202,158,190,232,181,201,165,163
Ohio,MAC,"5-7",-15,187,>>,201,190,224,181,195,202,266,225,204,189,209,195,161,199,143,154,148,197,177,191,194,183,"--",172,200,187,"--",184,179,159,177,187,195,"--",158,177,197,197,237,188,197,214,171
St Joseph's PA,A10,"7-4",+6,188,>>,245,173,179,114,135,170,226,210,227,119,215,272,195,182,211,203,213,247,251,239,179,191,"--",137,227,152,"--",193,191,223,182,184,169,"--",178,173,182,230,165,150,175,150,213
Abilene Chr,WAC,"7-5",+15,189,>>,199,209,158,206,188,171,246,218,190,175,202,213,145,208,182,170,91,211,224,218,184,225,"--",133,203,197,"--",162,180,212,158,177,179,"--",195,230,171,218,183,249,222,163,180
Fresno St,MWC,"6-6",-7,190,>>,179,186,221,261,187,212,176,196,181,269,191,180,182,177,208,179,245,185,150,160,181,184,"--",208,185,218,"--",202,188,167,194,183,213,"--",165,182,211,182,190,182,198,242,189
San Jose St,MWC,"5-7",-2,191,>>,203,196,253,184,176,200,178,202,237,200,205,153,170,197,189,177,180,215,183,189,206,185,"--",162,205,179,"--",220,186,188,199,179,176,"--",172,197,220,204,199,189,212,225,183
N Kentucky,HL,"9-5",-22,192,>>,207,206,167,202,180,185,139,236,214,173,195,185,205,209,220,194,254,201,192,200,223,202,"--",164,189,184,"--",172,193,168,172,196,238,"--",189,186,192,208,175,212,204,199,199
UTRGV,SLC,"5-6",+23,193,>>,162,192,211,223,215,211,202,127,162,273,148,184,213,184,232,210,203,163,164,172,168,170,"--",234,174,236,"--",204,199,222,232,198,222,"--",204,188,205,155,247,156,190,200,192
S Dakota St,SL,"7-7",-19,194,>>,174,172,212,179,181,219,186,194,176,214,164,205,240,191,196,216,248,186,173,179,173,175,"--",218,232,191,"--",237,192,219,248,188,207,"--",185,168,235,189,189,191,174,247,253
CS Northridge,BWC,"7-5",+4,195,>>,193,219,199,142,192,184,173,237,232,157,219,211,173,213,145,181,169,199,241,222,195,226,"--",152,239,188,"--",177,201,213,181,200,189,"--",199,217,177,232,181,216,233,196,214
Incarnate Word,SLC,"6-6",+26,196,>>,151,164,205,226,227,233,271,112,201,242,176,164,249,170,215,221,253,162,194,176,174,165,"--",198,183,207,"--",249,208,220,277,201,197,"--",200,189,201,160,198,165,182,181,207
Charlotte,AAC,"6-7",+18,197,>>,191,185,234,268,199,214,151,187,180,241,179,175,203,188,230,189,218,202,167,157,180,189,"--",234,204,186,"--",232,185,227,228,197,185,"--",181,180,217,187,191,214,185,248,226
Portland St,BSC,"6-5",-5,198,>>,189,174,186,190,204,218,292,182,185,223,170,261,212,183,231,217,160,216,196,194,178,193,"--",192,191,194,"--",218,197,210,219,185,180,"--",197,172,227,200,216,220,167,201,219
Lindenwood,OVC,"8-4",+15,199,>>,206,224,147,251,272,179,153,168,189,230,262,150,178,231,192,199,156,187,200,206,226,220,"--",214,180,245,"--",157,216,177,167,219,257,"--",201,242,159,192,262,215,226,135,165
E Michigan,MAC,"6-6",,200,>>,219,217,198,230,213,164,150,204,188,208,193,173,192,210,210,176,179,206,201,204,235,218,"--",177,184,219,"--",190,212,197,204,202,228,"--",208,222,180,199,196,228,225,161,211
FGCU,ASUN,"5-7",-4,201,>>,200,189,231,207,214,225,174,195,200,218,214,187,189,178,221,200,219,245,190,197,190,197,"--",223,188,181,"--",227,189,200,213,199,203,"--",187,193,237,195,204,173,195,235,204
Wofford,SC,"7-5",+9,202,>>,248,220,174,160,179,172,144,285,219,165,223,197,191,225,193,195,198,225,232,237,239,234,"--",177,220,189,"--",182,205,206,179,203,208,"--",210,214,178,227,166,237,223,173,196
Portland,WCC,"7-5",-2,203,>>,166,244,188,275,217,182,233,290,209,231,276,181,141,216,166,138,197,188,188,196,221,257,"--",159,210,199,"--",164,187,169,154,195,269,"--",168,245,174,226,249,314,266,193,168
WI Milwaukee,HL,"6-6",+27,204,>>,225,208,217,141,178,176,291,183,206,145,220,244,206,222,185,211,187,234,223,226,212,217,"--",167,222,180,"--",207,204,237,214,190,191,"--",207,204,196,220,179,178,207,187,223
Ga Southern,SBC,"10-5",+21,205,>>,236,212,173,219,198,174,122,250,213,158,224,224,186,214,191,206,225,210,235,223,204,223,"--",193,229,205,"--",187,209,231,173,212,186,"--",217,206,194,235,188,209,203,197,197
Southern Miss,SBC,"7-6",+1,206,>>,187,203,182,286,222,208,162,223,179,267,189,190,216,193,186,209,202,178,195,192,188,216,"--",272,187,235,"--",198,203,207,209,217,240,"--",202,192,198,196,252,235,215,209,208
Louisiana Tech,CUSA,"6-4",-19,207,>>,287,188,222,150,167,230,262,169,248,172,210,273,235,190,264,262,262,236,250,242,192,179,"--",187,228,171,"--",239,195,193,211,191,170,"--",233,205,240,201,170,172,173,216,216
LIU Brooklyn,NEC,"6-6",-6,208,>>,226,204,215,259,223,191,158,239,196,237,198,196,207,212,217,218,181,205,218,224,228,230,"--",218,199,229,"--",188,231,187,196,221,206,"--",222,216,188,216,224,243,216,183,206
Montana,BSC,"5-7",-11,209,>>,195,207,223,165,219,276,217,229,236,159,184,234,224,207,184,215,234,218,205,220,197,212,"--",133,262,173,"--",236,207,202,239,186,241,"--",182,198,233,225,168,226,221,268,272
James Madison,SBC,"7-6",-24,210,>>,220,198,209,172,202,216,209,263,216,168,225,249,228,204,242,236,216,217,248,250,198,208,"--",198,242,210,"--",211,217,208,212,213,175,"--",223,195,218,249,207,179,196,227,231
American Univ,PL,"7-5",-3,211,>>,234,253,203,210,237,221,216,150,247,171,204,245,211,234,228,205,227,230,214,212,234,221,"--",223,209,195,"--",214,222,184,192,216,247,"--",218,248,208,215,209,192,242,179,175
Indiana St,MVC,"7-6",-20,212,>>,232,200,204,195,166,204,340,240,211,197,174,269,245,202,238,257,241,219,236,230,220,203,"--",208,216,192,"--",233,196,211,225,208,188,"--",239,212,223,210,180,229,199,215,220
Navy,PL,"8-5",+5,213,>>,259,202,164,257,238,227,298,190,205,212,181,220,222,196,205,252,217,235,219,203,217,201,"--",252,212,214,"--",208,220,232,188,224,218,"--",238,213,234,214,172,193,194,207,237
TAM C. Christi,SLC,"5-6",-8,214,>>,240,215,240,168,186,228,352,201,208,251,206,148,234,223,263,240,118,207,211,228,231,199,"--",214,206,226,"--",240,218,215,256,204,209,"--",235,201,221,194,234,190,213,202,233
Valparaiso,MVC,"6-6",-6,215,>>,212,216,236,198,197,238,170,214,238,196,175,267,255,205,246,237,311,257,199,199,205,215,"--",198,214,182,"--",244,219,214,233,209,217,"--",212,226,246,206,169,206,218,223,238
Penn,Ivy,"6-5",+7,216,>>,237,239,208,272,203,186,249,205,228,226,243,223,199,226,209,196,209,246,239,232,236,239,"--",238,231,211,"--",205,214,196,191,232,220,"--",196,232,199,231,215,208,228,169,194
Weber St,BSC,"5-7",-14,217,>>,192,226,243,267,218,243,189,164,194,298,185,192,242,218,272,223,294,184,180,188,203,192,"--",264,195,258,"--",246,202,176,251,210,267,"--",214,203,250,175,245,198,214,267,243
Northeastern,CAA,"4-6",+1,218,>>,215,205,252,201,225,241,218,188,210,210,192,230,257,211,277,248,247,228,209,202,211,206,"--",246,211,206,"--",243,229,229,253,211,202,"--",256,210,238,203,221,219,200,233,215
Appalachian St,SBC,"8-6",+2,219,>>,253,228,206,178,200,220,146,203,249,203,257,208,233,248,214,234,260,253,247,208,238,200,"--",238,241,222,"--",226,213,204,224,228,214,"--",243,220,222,223,241,184,217,234,174
Harvard,Ivy,"6-6",+19,220,>>,218,187,235,242,231,247,267,191,202,206,217,233,256,189,276,256,252,223,213,195,215,188,"--",256,193,216,"--",247,221,258,244,215,190,"--",244,194,241,198,200,205,165,254,228
Tennessee St,OVC,"7-5",-1,221,>>,211,238,166,247,240,188,194,257,203,207,251,194,184,246,175,197,161,239,240,252,263,246,"--",183,225,248,"--",180,227,225,193,230,233,"--",245,254,181,237,246,268,262,176,224
Samford,SC,"7-6",+13,222,>>,258,227,210,145,184,201,177,267,256,166,248,255,198,241,216,220,228,285,266,266,277,235,"--",208,240,203,"--",215,210,236,217,207,200,"--",219,227,200,260,212,211,235,206,209
Stony Brook,CAA,"8-5",-55,223,>>,262,249,176,293,242,209,274,192,233,244,211,236,197,245,161,193,212,209,206,219,232,243,"--",238,244,255,"--",161,230,148,157,233,246,"--",248,250,185,242,213,263,252,194,188
Fordham,A10,"8-4",+10,224,>>,228,197,197,243,256,299,333,172,215,233,227,254,251,195,233,249,332,241,202,198,182,196,"--",285,233,198,"--",251,211,224,229,237,199,"--",213,209,264,202,197,200,180,250,218
SE Missouri St,OVC,"6-7",+7,225,>>,168,211,226,205,249,240,280,274,197,209,229,215,243,220,240,235,222,203,210,221,208,224,"--",197,217,227,"--",234,228,255,257,222,230,"--",211,211,229,213,250,266,220,244,248
San Diego,WCC,"5-6",+40,226,>>,216,247,242,315,241,235,219,220,221,274,247,222,185,221,153,191,244,214,198,213,202,245,"--",230,237,267,"--",212,215,263,203,220,229,"--",209,224,230,236,256,221,255,262,229
Rice,AAC,"6-7",-15,227,>>,213,230,261,244,220,234,205,222,243,264,218,251,209,235,218,208,273,208,234,215,210,211,"--",243,252,264,"--",241,235,181,234,234,225,"--",220,223,242,233,242,169,229,259,222
Utah Tech,WAC,"7-6",+15,228,>>,210,251,195,282,228,226,210,185,217,284,213,257,208,236,248,219,186,224,226,201,251,241,"--",266,207,274,"--",222,226,230,216,239,226,"--",228,238,219,212,260,251,263,221,240
Queens NC,ASUN,"5-7",-5,229,>>,239,210,249,213,236,249,255,256,230,215,196,235,247,206,255,251,272,221,215,217,214,237,"--",233,246,213,"--",252,223,245,249,218,198,"--",230,207,239,224,219,227,210,217,241
Campbell,CAA,"5-7",-17,230,>>,263,252,254,212,211,194,214,198,273,249,208,216,239,253,213,213,193,244,246,243,260,231,"--",226,253,244,"--",209,263,195,230,225,234,"--",215,228,206,259,275,207,265,177,232
Central Conn,NEC,"6-5",-26,231,>>,286,278,207,164,232,210,353,184,220,181,259,252,230,272,224,225,155,220,265,253,302,242,"--",228,223,225,"--",206,260,186,210,231,272,"--",257,255,203,239,217,233,269,185,201
Coastal Car,SBC,"7-6",-3,232,>>,238,250,213,291,226,207,166,206,222,260,234,214,232,243,226,239,208,212,271,251,245,236,"--",256,208,282,"--",199,262,203,220,244,216,"--",254,258,189,244,233,247,257,212,198
WI Green Bay,HL,"6-7",+19,233,>>,209,265,241,329,259,198,297,253,218,275,268,210,179,261,169,175,109,191,231,229,237,277,"--",241,213,289,"--",185,225,235,195,243,263,"--",231,257,195,228,266,284,280,226,200
Denver,SL,"7-7",+27,234,>>,235,303,200,309,229,177,201,314,226,291,256,172,180,266,250,183,150,196,228,241,265,283,"--",208,221,291,"--",176,234,247,205,223,281,"--",224,243,176,229,268,289,319,203,227
CS Fullerton,BWC,"5-8",+3,235,>>,152,243,230,341,268,244,275,232,186,315,263,176,214,217,195,190,205,182,185,186,241,247,"--",292,201,277,"--",228,206,217,242,238,292,"--",206,253,243,179,323,255,245,295,230
UC Riverside,BWC,"6-7",,236,>>,229,271,237,175,208,217,198,269,229,190,230,250,215,255,239,229,170,240,264,259,250,259,"--",193,224,223,"--",221,224,241,231,214,249,"--",250,276,224,254,228,252,288,241,250
Grambling,SWAC,"5-6",+51,237,>>,194,241,232,297,253,224,191,243,198,279,244,219,221,238,212,238,154,200,245,235,216,244,"--",271,196,275,"--",213,233,280,227,263,245,"--",269,263,225,221,277,259,249,228,235
IL Chicago,MVC,"4-8",-10,238,>>,177,201,271,192,244,292,228,231,234,261,199,202,288,200,297,276,280,213,208,209,196,190,"--",295,226,231,"--",271,245,246,273,236,237,"--",237,187,293,207,238,174,202,312,300
Fairfield,MAAC,"7-5",+29,239,>>,256,279,194,283,260,215,152,212,223,221,246,218,225,274,202,241,190,231,272,245,269,270,"--",258,219,252,"--",196,240,250,185,257,270,"--",252,275,210,253,227,267,260,205,193
SC Upstate,BSo,"8-7",-10,240,>>,224,270,193,325,271,236,277,208,212,294,240,189,219,258,199,224,195,190,225,216,257,238,"--",308,198,292,"--",223,246,183,215,262,268,"--",253,271,226,205,289,270,256,245,191
Texas St,SBC,"8-6",-1,241,>>,284,257,229,218,221,223,199,216,266,205,282,265,204,256,243,226,290,266,279,275,229,250,"--",230,266,237,"--",231,238,228,202,235,231,"--",227,267,254,281,230,204,251,253,202
Monmouth NJ,CAA,"6-7",-1,242,>>,247,225,262,246,235,242,203,219,235,222,241,263,272,229,227,270,263,251,254,233,219,232,"--",218,238,241,"--",270,242,271,270,250,252,"--",265,229,258,243,222,201,208,271,256
NE Omaha,SL,"7-7",+8,243,>>,249,221,225,204,234,239,238,328,246,184,228,247,241,232,268,247,223,254,257,256,227,260,"--",185,274,217,"--",250,243,291,258,226,201,"--",255,236,253,270,210,276,227,265,261
New Orleans,SLC,"3-8",+2,244,>>,221,242,244,322,255,187,222,310,239,318,232,225,227,219,206,214,164,233,221,248,218,251,"--",292,218,342,"--",235,266,243,245,249,299,"--",205,259,212,248,286,278,278,192,287
Cal Poly,BWC,"5-9",-12,245,>>,186,259,245,236,252,245,313,292,224,252,212,262,250,239,236,231,243,192,222,236,222,263,"--",193,261,254,"--",245,254,259,260,227,265,"--",221,233,249,234,229,291,283,291,282
Howard,MEAC,"9-5",+49,246,>>,265,262,171,300,269,206,237,246,242,228,254,221,220,265,225,260,210,242,278,258,285,267,"--",304,230,265,"--",210,236,279,197,268,224,"--",272,285,214,263,255,257,248,182,217
Nicholls St,SLC,"3-8",+25,247,>>,233,232,277,185,239,280,244,264,250,243,226,259,281,233,274,271,288,238,220,214,252,222,"--",226,256,259,"--",277,232,282,289,241,232,"--",266,246,271,209,258,199,234,281,270
UNC Asheville,BSo,"6-8",-11,248,>>,223,231,265,224,261,258,221,278,252,225,235,227,259,250,247,253,284,286,204,225,233,240,"--",266,259,243,"--",259,241,242,265,251,287,"--",232,235,265,264,264,242,219,287,258
Charleston So,BSo,"8-6",+15,249,>>,222,240,189,284,296,263,281,211,207,276,238,275,269,244,223,263,281,222,216,211,230,252,"--",302,234,266,"--",238,257,251,237,266,275,"--",274,269,252,211,270,256,211,257,234
SIUE,OVC,"8-5",-23,250,>>,285,248,219,194,233,252,304,228,261,201,207,279,280,247,260,273,310,249,268,264,279,227,"--",203,250,230,"--",262,283,221,267,240,260,"--",271,260,248,250,194,250,246,240,254
Merrimack,MAAC,"6-7",+3,251,>>,281,266,250,191,224,203,183,300,265,182,272,242,244,276,258,246,250,255,293,293,283,276,"--",243,264,232,"--",229,258,262,240,264,235,"--",242,249,213,282,244,262,270,232,239
Chattanooga,SC,"6-7",-10,252,>>,246,234,258,137,210,290,223,260,280,170,287,264,283,240,275,274,315,276,303,302,255,205,"--",152,277,190,"--",321,244,268,319,248,192,"--",216,208,287,265,201,213,241,296,279
Old Dominion,SBC,"4-9",-4,253,>>,227,214,263,287,270,271,309,221,240,270,237,260,270,215,306,267,231,256,237,231,207,219,"--",277,245,262,"--",269,248,270,275,255,236,"--",251,221,285,222,261,210,206,284,260
North Alabama,ASUN,"5-6",-44,254,>>,282,246,257,166,216,229,227,302,281,180,304,274,266,270,219,258,256,277,295,297,253,264,"--",169,304,215,"--",256,273,253,268,229,210,"--",258,274,228,294,182,277,259,198,281
East Texas A&M,SLC,"6-6",-2,255,>>,288,305,220,294,246,199,206,259,253,289,297,238,200,297,249,228,140,232,269,290,299,292,"--",252,243,306,"--",191,267,198,189,277,286,"--",267,301,186,266,293,273,294,164,225
Cent Arkansas,ASUN,"5-8",,256,>>,197,283,256,321,298,254,193,189,241,307,216,258,253,237,299,269,259,229,207,210,225,275,"--",295,202,278,"--",265,237,234,259,256,295,"--",283,287,269,193,292,265,253,256,247
Lamar,SLC,"5-6",-32,257,>>,251,255,260,188,243,293,231,266,270,235,236,270,292,262,262,279,349,271,243,262,244,253,"--",203,268,247,"--",286,279,233,291,245,264,"--",261,225,270,258,220,246,236,277,274
Jacksonville St,CUSA,"5-6",+15,258,>>,257,237,293,159,230,317,264,217,288,198,261,226,315,242,265,287,337,259,283,277,246,204,"--",202,287,204,"--",309,280,277,311,242,259,"--",246,234,307,261,208,183,240,305,285
Norfolk St,MEAC,"6-8",+1,259,>>,261,229,248,187,273,274,341,252,244,211,281,217,282,230,326,284,270,237,255,261,247,229,"--",280,247,238,"--",295,239,261,300,247,253,"--",302,272,263,238,273,180,239,319,264
Dartmouth,Ivy,"5-6",-3,260,>>,230,245,267,214,277,281,207,235,251,240,279,276,284,251,313,286,283,261,263,238,254,248,"--",260,249,240,"--",267,264,254,269,269,248,"--",282,268,266,245,236,260,224,276,252
Tennessee Tech,OVC,"6-7",-11,261,>>,208,284,233,288,311,259,287,242,231,295,253,200,237,282,237,230,230,227,242,254,286,298,"--",280,215,285,"--",242,261,240,255,271,315,"--",249,282,244,241,299,305,276,273,236
East Carolina,AAC,"5-7",+17,262,>>,273,258,282,232,251,277,196,270,289,192,292,287,236,269,200,245,235,292,260,255,280,279,"--",223,315,228,"--",257,249,283,221,261,273,"--",236,240,279,297,271,283,238,290,249
South Dakota,SL,"7-7",-16,263,>>,277,289,246,250,264,253,185,255,274,227,270,306,246,284,241,242,304,269,261,257,268,280,"--",218,290,251,"--",258,269,238,246,259,280,"--",241,279,256,276,226,306,279,255,244
Evansville,MVC,"4-9",+5,264,>>,244,256,288,274,247,275,253,181,268,271,255,283,260,278,329,244,258,284,229,240,270,272,"--",246,260,239,"--",274,247,265,266,252,242,"--",229,241,290,252,259,272,277,316,277
Bellarmine,ASUN,"5-6",+27,265,>>,217,277,255,346,267,255,279,213,262,303,271,232,252,263,257,250,242,252,233,247,295,278,"--",295,235,287,"--",260,255,269,254,287,271,"--",247,281,257,240,290,313,268,231,242
Brown,Ivy,"5-7",-11,266,>>,254,222,315,233,276,313,314,230,258,229,252,266,312,228,323,304,319,264,259,244,248,213,"--",307,255,233,"--",290,265,244,295,273,204,"--",293,265,298,217,253,217,209,307,262
Missouri St,CUSA,"5-5",+8,267,>>,270,264,259,281,212,256,260,306,275,296,295,256,229,279,259,232,269,282,270,282,240,268,"--",241,295,269,"--",253,259,286,243,267,261,"--",240,239,255,280,265,271,271,239,255
Southern Univ,SWAC,"4-8",-20,268,>>,252,223,317,200,250,267,289,226,287,281,242,240,309,227,328,301,278,248,273,278,209,210,"--",250,265,281,"--",300,290,248,327,272,223,"--",291,256,274,247,300,218,244,236,290
Pepperdine,WCC,"5-8",+22,269,>>,214,267,292,260,263,289,230,241,255,287,222,280,268,252,244,255,329,272,217,227,249,266,"--",272,285,261,"--",289,250,292,292,254,279,"--",226,273,301,256,254,264,264,330,271
E Kentucky,ASUN,"4-9",+8,270,>>,274,260,290,245,265,285,270,279,283,250,285,177,277,275,282,264,226,243,249,276,278,233,"--",246,273,268,"--",282,270,266,280,274,274,"--",263,247,296,257,294,232,258,313,268
La Salle,A10,"4-9",-4,271,>>,275,233,298,248,245,262,299,261,269,265,221,296,293,264,284,281,266,279,256,260,261,254,"--",280,254,257,"--",292,268,284,296,270,243,"--",262,237,304,273,240,230,230,304,289
West Georgia,ASUN,"6-5",+4,272,>>,276,316,214,335,319,231,251,258,267,302,325,246,188,311,198,204,165,260,276,284,311,299,"--",245,263,310,"--",200,284,239,190,290,310,"--",280,311,209,305,306,338,315,186,221
W Michigan,MAC,"5-7",-29,273,>>,307,282,275,276,281,251,188,311,291,236,264,292,238,281,201,243,233,270,281,274,284,297,"--",207,301,250,"--",230,277,274,226,253,266,"--",264,297,247,299,231,322,275,285,304
UTEP,CUSA,"3-7",-11,274,>>,241,218,337,239,248,334,310,275,296,282,278,239,333,224,271,296,285,262,203,246,224,228,"--",258,299,234,"--",307,251,302,308,246,227,"--",332,218,327,246,257,244,247,323,332
"Bethune-Cookman",SWAC,"3-8",-30,275,>>,304,269,264,264,313,260,250,297,290,253,239,298,273,259,245,272,221,290,302,310,242,271,"--",212,251,280,"--",276,301,256,276,281,254,"--",276,264,284,311,313,236,254,224,292
Northern Arizona,BSC,"5-7",-17,276,>>,269,288,280,265,254,270,241,234,272,283,245,284,275,291,270,261,320,265,230,269,281,286,"--",250,284,279,"--",255,282,273,250,258,285,"--",273,280,262,289,239,275,301,280,266
Sacred Heart,MAAC,"5-7",-3,277,>>,297,235,278,258,291,269,303,238,257,259,260,268,286,277,290,291,274,278,294,283,290,258,"--",275,258,246,"--",264,278,272,272,282,262,"--",281,261,275,267,263,248,232,286,265
Alabama A&M,SWAC,"6-6",-7,278,>>,298,293,247,348,320,232,182,317,276,290,308,278,226,288,229,227,249,299,262,285,294,314,"--",264,270,299,"--",175,285,252,184,278,302,"--",234,306,232,302,317,343,292,213,246
NC A&T,CAA,"7-4",+20,279,>>,310,302,191,306,287,250,179,283,259,277,233,277,267,308,256,275,287,273,282,265,318,303,"--",285,267,288,"--",248,289,293,241,286,300,"--",292,303,236,287,248,288,289,188,259
Hampton,CAA,"6-7",-10,280,>>,291,236,266,238,299,303,225,251,263,258,273,282,316,249,319,316,322,258,297,288,259,249,"--",279,248,260,"--",296,295,278,310,285,256,"--",303,252,294,269,243,231,231,299,278
"Loyola-Chicago",A10,"4-9",+19,281,>>,302,274,323,148,206,286,256,286,330,177,269,332,290,299,222,295,345,316,285,298,330,273,"--",156,333,212,"--",319,256,327,297,265,196,"--",225,215,316,309,235,223,261,329,319
Alabama St,SWAC,"3-8",-24,282,>>,267,280,270,252,302,266,257,273,264,255,277,228,303,273,292,289,229,281,288,292,275,285,"--",218,257,283,"--",288,299,260,301,276,298,"--",289,294,259,271,287,286,302,261,294
Delaware,CUSA,"4-7",,283,>>,289,286,289,263,284,323,224,303,278,224,258,308,271,271,253,285,298,275,274,268,256,301,"--",272,328,220,"--",272,253,329,252,260,282,"--",259,298,282,292,223,293,273,310,299
Drexel,CAA,"6-7",+2,284,>>,294,273,301,215,257,298,269,245,292,219,267,289,296,287,280,294,339,304,296,281,276,261,"--",260,293,242,"--",303,271,297,299,284,258,"--",260,262,309,290,225,239,243,306,280
Radford,BSo,"6-8",-4,285,>>,293,263,304,208,275,322,311,249,295,232,249,307,305,254,267,321,338,308,267,273,266,256,"--",285,272,256,"--",330,272,294,305,279,221,"--",290,231,320,279,251,224,237,309,309
CS Sacramento,BSC,"4-7",+3,286,>>,264,272,281,347,294,283,268,329,254,341,291,207,261,268,278,233,232,226,252,263,262,269,"--",311,289,341,"--",283,287,289,284,294,288,"--",277,270,288,272,324,304,267,264,286
UT San Antonio,AAC,"4-7",-3,287,>>,334,294,276,255,266,264,254,282,308,280,315,294,248,285,269,265,185,298,321,309,293,289,"--",252,313,271,"--",273,297,275,261,293,251,"--",278,295,289,317,272,245,293,278,269
W Carolina,SC,"4-7",-3,288,>>,301,301,268,338,301,272,248,244,271,308,318,229,262,283,261,268,224,293,300,296,298,300,"--",317,282,307,"--",261,293,257,263,310,293,"--",270,286,251,274,315,280,284,219,245
Oral Roberts,SL,"5-9",-12,289,>>,255,299,279,344,274,265,258,281,282,337,293,271,263,295,283,259,277,274,253,270,304,288,"--",311,275,316,"--",278,276,249,288,289,303,"--",286,283,261,268,314,299,306,292,284
UMBC,AEC,"6-6",,290,>>,303,290,251,319,314,279,306,280,279,300,266,291,258,290,273,266,261,288,291,289,289,295,"--",328,271,286,"--",254,294,276,235,300,320,"--",279,293,268,298,280,279,295,249,263
St Peter's,MAAC,"4-5",+3,291,>>,292,295,305,278,279,308,204,298,305,254,290,301,274,298,291,298,308,294,290,280,291,287,"--",298,291,263,"--",266,275,281,238,292,294,"--",301,291,272,285,274,296,272,230,257
Long Beach St,BWC,"3-10",+11,292,>>,231,276,303,339,289,301,276,294,260,335,303,243,265,257,252,254,305,268,238,249,282,282,"--",317,276,314,"--",294,252,300,309,288,276,"--",268,288,306,255,312,300,297,327,293
Jacksonville,ASUN,"5-7",-28,293,>>,341,312,269,229,286,268,242,268,306,266,317,300,264,310,281,277,251,289,325,322,315,293,"--",266,307,297,"--",263,308,226,264,302,301,"--",294,296,260,300,301,238,317,238,251
SE Louisiana,SLC,"4-8",-7,294,>>,283,268,283,237,258,287,247,277,298,285,274,293,308,280,304,319,301,295,286,291,272,265,"--",260,296,284,"--",306,288,309,302,280,255,"--",312,290,310,283,276,261,274,297,310
Presbyterian,BSo,"6-8",-33,295,>>,316,285,273,266,278,273,215,307,277,297,300,281,298,292,285,288,302,280,287,295,292,284,"--",300,292,301,"--",268,303,264,271,298,290,"--",308,278,291,303,267,285,291,301,273
Wagner,NEC,"4-6",+8,296,>>,266,292,291,311,307,297,263,304,245,321,289,241,285,300,266,290,236,263,280,272,264,305,"--",339,283,311,"--",281,286,306,282,305,291,"--",299,313,276,275,305,324,290,222,275
Princeton,Ivy,"3-10",-1,297,>>,296,254,328,217,262,315,338,265,294,248,286,315,322,267,321,310,326,303,277,287,267,255,"--",291,298,253,"--",332,274,322,330,275,239,"--",275,251,337,277,284,269,250,336,321
Detroit,HL,"5-7",,298,>>,295,296,302,313,288,282,239,288,284,311,311,248,299,296,296,300,300,283,305,303,274,294,"--",309,278,318,"--",291,298,290,290,303,277,"--",298,292,278,284,318,307,287,269,267
UNC Greensboro,SC,"4-9",-6,299,>>,271,291,299,220,290,327,320,334,297,256,302,297,311,289,279,299,309,287,284,271,273,281,"--",301,302,273,"--",318,291,305,325,296,313,"--",284,277,318,278,297,258,285,358,298
E Washington,BSC,"2-10",-20,300,>>,243,261,340,318,283,326,286,318,286,348,250,253,317,260,353,315,324,267,244,267,258,262,"--",309,294,319,"--",331,281,298,333,283,284,"--",333,244,331,262,328,281,286,343,334
Northwestern LA,SLC,"3-8",,301,>>,278,275,306,249,280,296,283,305,315,262,301,288,321,293,316,329,296,311,307,305,288,290,"--",234,305,270,"--",322,296,313,331,291,244,"--",313,300,308,288,288,295,298,275,323
Boston Univ,PL,"5-8",+5,302,>>,315,287,295,290,306,294,336,271,285,299,299,317,318,294,325,307,321,307,298,279,303,274,"--",320,281,302,"--",313,313,304,326,299,283,"--",304,266,299,291,283,253,282,315,314
N Illinois,MAC,"5-7",+12,303,>>,300,327,309,332,293,257,325,276,318,322,312,285,279,317,301,282,279,306,311,314,312,306,"--",306,303,334,"--",279,317,301,281,317,219,"--",285,321,267,312,309,302,336,252,297
Houston Chr,SLC,"5-7",-7,304,>>,272,281,284,302,312,307,235,331,293,331,283,311,324,286,303,313,334,305,275,304,271,304,"--",322,314,320,"--",311,300,308,313,297,314,"--",300,289,303,295,279,327,281,303,317
Le Moyne,NEC,"5-7",-3,305,>>,260,313,285,343,324,278,308,295,299,310,296,316,301,307,300,306,264,300,306,301,297,312,"--",329,288,321,"--",287,311,285,279,320,326,"--",314,319,283,301,308,319,316,263,296
Longwood,BSo,"7-7",+5,306,>>,314,298,272,254,297,319,327,301,314,268,288,314,313,302,287,323,327,324,318,318,310,291,"--",329,311,293,"--",301,309,317,285,312,305,"--",307,284,323,322,269,254,300,298,301
Manhattan,MAAC,"5-8",+7,307,>>,319,314,297,269,321,300,326,291,310,278,334,310,276,315,254,280,267,319,334,325,300,325,"--",285,321,298,"--",297,310,303,286,322,304,"--",305,322,295,331,304,301,310,311,276
Bryant,AEC,"3-9",-2,308,>>,290,297,324,228,300,325,285,320,307,238,314,303,330,304,340,320,297,309,301,294,313,296,"--",304,300,272,"--",325,292,310,316,295,309,"--",325,302,319,296,281,323,308,325,316
Bucknell,PL,"3-10",-4,309,>>,323,308,310,271,308,304,259,330,322,272,284,331,304,306,307,314,289,320,316,324,296,319,"--",275,306,276,"--",314,305,320,303,301,312,"--",295,299,315,326,291,333,304,328,336
Mercyhurst,NEC,"6-8",+8,310,>>,268,318,325,312,327,302,300,248,312,304,275,325,327,318,286,325,303,297,304,300,314,311,"--",321,286,295,"--",320,319,314,317,313,329,"--",309,315,313,307,285,297,314,282,311
CS Bakersfield,BWC,"5-8",-2,311,>>,320,311,300,277,292,305,282,322,324,293,305,336,302,314,288,297,323,322,320,316,308,317,"--",266,332,308,"--",305,318,318,306,306,327,"--",288,310,302,332,282,294,311,302,315
Morehead St,OVC,"5-7",+13,312,>>,311,307,294,303,285,295,234,312,302,306,320,321,323,312,331,330,292,296,315,317,309,307,"--",332,325,325,"--",302,306,321,304,318,306,"--",326,309,281,306,316,315,305,251,312
E Illinois,OVC,"3-8",+16,313,>>,309,325,313,323,322,310,261,296,323,301,294,309,294,321,294,292,306,317,292,308,317,332,"--",266,312,309,"--",299,302,328,287,308,331,"--",315,341,297,310,302,345,332,322,313
Army,PL,"5-7",+2,314,>>,327,332,274,292,325,309,357,308,304,288,324,286,278,336,295,293,275,325,323,319,333,334,"--",316,308,315,"--",284,316,288,278,316,318,"--",324,337,280,318,327,336,320,283,283
Mt St Mary's,MAAC,"4-9",-7,315,>>,313,300,318,235,309,320,321,315,328,239,298,328,331,301,317,334,318,326,328,328,301,309,"--",246,318,290,"--",329,315,325,332,304,289,"--",310,304,330,323,278,292,299,317,333
SUNY Albany,AEC,"4-10",+17,316,>>,299,310,316,310,331,333,361,247,303,314,316,302,326,303,298,311,268,302,309,312,305,308,"--",334,309,304,"--",312,312,324,322,325,316,"--",297,307,321,293,325,287,313,344,306
North Dakota,SL,"5-10",+14,317,>>,279,333,286,296,303,314,332,309,309,309,306,304,295,323,305,302,313,313,314,315,326,316,"--",292,316,329,"--",316,314,319,312,309,307,"--",306,327,322,315,296,303,335,334,308
Air Force,MWC,"3-9",-8,318,>>,325,326,329,326,317,318,245,324,313,328,331,305,289,325,289,283,316,321,289,299,327,322,"--",285,327,312,"--",308,304,287,293,307,340,"--",287,320,325,314,310,339,333,345,295
Holy Cross,PL,"5-8",-37,319,>>,329,323,287,317,326,291,350,348,311,323,328,318,310,330,302,305,271,312,319,313,336,335,"--",334,317,328,"--",293,328,267,298,314,328,"--",322,326,277,328,307,340,329,289,307
Ark Pine Bluff,SWAC,"3-10",+1,320,>>,280,352,296,360,350,261,295,357,300,345,353,295,254,346,320,278,158,301,332,326,323,349,"--",340,310,362,"--",280,325,312,283,341,356,"--",311,346,273,313,361,341,348,272,302
MA Lowell,AEC,"5-9",-1,321,>>,330,304,308,285,318,336,359,337,321,320,329,290,329,305,332,336,299,318,317,321,306,302,"--",351,280,300,"--",304,307,337,274,324,317,"--",334,308,324,308,336,298,307,320,324
Prairie View,SWAC,"6-6",-3,322,>>,324,324,322,350,338,337,328,272,301,343,310,341,325,309,351,326,291,291,313,286,324,315,"--",353,269,354,"--",317,331,295,315,332,334,"--",340,332,292,286,356,310,326,260,305
Lehigh,PL,"4-9",-10,323,>>,312,317,320,320,333,338,319,284,317,338,280,320,334,313,322,333,328,315,299,307,322,313,"--",333,326,326,"--",333,326,307,324,319,330,"--",331,312,339,319,303,308,309,352,329
Georgia St,SBC,"3-10",+10,324,>>,305,330,326,289,304,306,272,327,326,286,321,313,320,332,309,309,331,332,339,339,337,329,"--",298,341,303,"--",326,324,342,336,321,297,"--",320,324,329,337,311,321,331,351,326
C Michigan,MAC,"4-8",-13,325,>>,328,322,335,262,295,321,324,332,331,317,307,327,337,324,308,328,336,333,327,332,328,318,"--",280,334,296,"--",335,335,311,334,315,311,"--",296,305,336,336,298,317,327,321,346
New Haven,NEC,"5-6",-3,326,>>,321,338,312,356,360,328,362,323,319,349,337,330,297,348,293,318,257,310,308,306,346,331,"--",343,279,249,"--",285,323,"--","--",311,341,"--",330,334,305,321,364,316,340,270,291
Canisius,MAAC,"5-7",-5,327,>>,335,340,321,354,328,288,294,313,329,312,340,329,287,340,310,308,255,331,341,336,345,345,"--",331,320,333,"--",275,333,299,262,342,346,"--",323,348,286,340,339,348,338,279,288
New Hampshire,AEC,"4-8",+8,328,>>,308,335,311,355,335,331,360,224,325,325,342,312,332,329,334,332,312,328,329,311,316,321,"--",340,297,323,"--",328,321,315,329,331,333,"--",338,340,312,304,329,326,325,293,303
Florida A&M,SWAC,"3-7",+12,329,>>,333,343,330,304,340,316,278,351,327,316,356,343,291,342,314,303,295,323,344,341,320,350,"--",277,351,317,"--",310,330,343,294,328,337,"--",329,352,317,339,340,334,343,258,318
Chicago St,NEC,"2-11",+8,330,>>,322,336,334,359,337,284,293,342,316,350,345,299,306,343,311,312,246,314,312,320,335,338,"--",342,322,356,"--",324,322,332,328,340,332,"--",316,339,311,316,359,344,334,294,330
Ball St,MAC,"3-9",+1,331,>>,318,306,339,305,315,339,302,289,339,334,309,346,350,319,343,341,362,342,324,327,307,310,"--",317,342,322,"--",344,339,344,348,326,308,"--",328,314,345,334,319,282,303,346,351
Southern Utah,WAC,"4-9",-6,332,>>,306,319,341,299,305,335,307,326,333,340,341,326,328,320,338,331,340,329,343,329,331,320,"--",311,323,339,"--",337,327,316,337,327,325,"--",321,317,333,333,342,328,330,326,328
TX Southern,SWAC,"1-8",-5,333,>>,342,320,348,308,336,340,301,339,344,329,332,333,307,331,352,340,282,337,338,333,287,337,"--",325,338,305,"--",341,320,323,318,329,323,"--",336,330,338,327,335,309,322,314,331
Alcorn St,SWAC,"1-10",-7,334,>>,344,339,332,333,323,246,296,345,338,319,327,323,300,334,327,327,238,343,354,356,332,352,"--",303,337,332,"--",315,337,331,314,333,335,"--",335,354,314,349,347,355,349,274,338
Cleveland St,HL,"4-10",-11,335,>>,337,334,336,216,282,342,356,325,349,257,322,340,342,333,337,335,341,347,340,342,329,333,"--",280,349,294,"--",342,329,336,340,323,324,"--",319,335,343,344,295,318,339,342,335
Ark Little Rock,OVC,"3-9",+1,336,>>,350,309,343,279,310,311,284,335,343,305,346,347,343,316,335,337,342,334,350,350,339,323,"--",314,344,338,"--",338,341,349,343,330,278,"--",339,316,328,345,337,312,296,318,344
VMI,SC,"5-8",-7,337,>>,340,331,327,307,341,343,349,316,340,327,348,335,339,328,330,344,314,338,346,344,334,328,"--",325,324,324,"--",327,343,296,307,343,322,"--",341,329,332,335,326,329,323,324,327
Lafayette,PL,"3-10",-3,338,>>,317,321,350,331,334,344,348,299,334,339,326,334,347,322,336,339,356,345,322,323,325,324,"--",338,340,327,"--",346,336,339,347,336,321,"--",327,323,344,320,321,290,312,341,341
Louisiana,SBC,"2-11",+7,339,>>,338,315,338,334,316,330,288,336,346,324,319,350,341,326,346,347,344,348,330,337,319,327,"--",314,348,331,"--",343,332,351,341,338,296,"--",343,325,348,341,333,330,321,338,340
NJIT,AEC,"4-8",-1,340,>>,351,351,307,358,342,312,265,338,337,330,333,349,314,353,318,317,293,336,348,347,350,355,"--",346,343,340,"--",298,347,345,321,335,345,"--",337,358,300,353,322,351,341,288,322
IUPUI,HL,"4-9",+1,341,>>,326,356,314,328,345,341,290,340,320,352,349,319,335,344,324,324,348,330,326,335,343,344,"--",324,339,353,"--",336,345,334,339,337,360,"--",317,318,334,330,331,331,356,331,325
Stetson,ASUN,"4-8",+2,342,>>,343,345,319,357,329,329,330,341,332,342,358,322,319,341,312,322,335,335,337,334,347,347,"--",344,329,335,"--",323,338,326,323,345,351,"--",318,343,326,343,345,352,337,308,320
Jackson St,SWAC,"1-11",-26,343,>>,353,328,345,280,332,324,305,354,353,292,339,338,336,335,347,349,307,352,355,359,321,346,"--",285,345,313,"--",339,342,338,338,339,319,"--",342,336,335,355,353,349,324,300,348
MD E Shore,MEAC,"4-12",+1,344,>>,336,346,333,362,351,332,334,321,335,359,313,337,340,345,333,338,286,327,335,338,348,343,"--",357,319,359,"--",340,344,333,335,349,339,"--",348,349,342,346,346,346,345,354,337
Missouri KC,SL,"2-11",+3,345,>>,331,344,355,316,330,351,322,346,342,361,323,324,348,338,355,343,354,340,310,330,340,341,"--",345,347,346,"--",348,334,352,354,334,344,"--",361,333,346,324,338,335,342,333,356
Loyola MD,PL,"4-9",+5,346,>>,339,329,349,336,349,350,363,287,347,347,336,353,354,327,350,353,357,344,349,340,342,326,"--",349,335,343,"--",349,349,346,350,344,342,"--",351,328,351,338,320,311,318,353,343
North Florida,ASUN,"2-10",-4,347,>>,348,350,351,298,339,362,316,293,345,344,330,354,349,347,354,356,333,341,336,345,338,342,"--",348,336,337,"--",351,340,330,345,346,347,"--",359,353,347,329,352,332,350,360,347
Stonehill,NEC,"3-9",+2,348,>>,332,337,352,330,354,353,364,333,336,357,335,355,359,339,345,354,359,346,331,331,341,330,"--",361,330,345,"--",353,348,341,352,348,343,"--",353,342,349,325,350,320,328,337,350
Maine,AEC,"1-13",-2,349,>>,345,342,353,295,352,348,331,347,341,333,338,339,353,349,349,346,346,354,333,343,359,336,"--",349,352,344,"--",350,350,347,351,347,349,"--",344,331,356,350,332,325,352,339,352
NC Central,MEAC,"4-10",-1,350,>>,354,349,347,337,346,357,318,343,351,353,343,345,346,350,357,352,317,339,345,348,351,340,"--",355,331,352,"--",352,346,335,344,353,348,"--",354,347,350,342,358,342,351,357,339
Delaware St,MEAC,"5-9",+1,351,>>,357,348,331,340,358,346,343,361,352,313,347,342,338,354,315,342,325,353,358,354,352,358,"--",346,359,336,"--",334,353,363,320,354,336,"--",347,355,340,359,349,357,344,349,354
Southern Indiana,OVC,"3-9",-12,352,>>,347,341,342,351,347,352,347,349,348,360,352,344,363,337,341,350,364,349,347,349,344,339,"--",351,354,358,"--",354,360,340,361,352,350,"--",346,338,352,348,341,347,346,332,353
W Illinois,OVC,"4-8",,353,>>,346,355,346,349,343,345,346,359,350,346,344,356,344,352,342,345,351,351,351,351,353,353,"--",325,346,348,"--",345,351,350,346,350,353,"--",345,356,341,351,334,353,357,365,342
Niagara,MAAC,"3-9",,354,>>,356,353,344,342,348,349,335,352,355,355,354,351,351,355,339,351,347,356,357,355,358,356,"--",353,355,351,"--",347,354,357,342,355,359,"--",350,344,353,357,330,358,353,340,349
Rider,MAAC,"1-9",,355,>>,358,347,358,314,344,363,345,350,359,326,350,365,360,351,361,364,350,362,356,357,349,351,"--",336,357,330,"--",365,352,356,355,351,338,"--",364,350,364,354,343,354,347,361,361
F Dickinson,NEC,"3-8",+1,356,>>,360,358,354,327,353,364,365,344,354,358,361,348,358,358,356,358,353,355,353,352,357,348,"--",358,350,349,"--",357,359,348,356,357,358,"--",357,351,354,347,351,337,354,335,345
St Francis PA,NEC,"2-11",+1,357,>>,355,361,356,324,355,356,351,358,358,332,363,357,352,359,359,361,343,357,360,361,355,359,"--",322,356,347,"--",359,357,355,349,356,357,"--",362,362,355,358,354,350,362,363,359
Citadel,SC,"3-10",+4,358,>>,349,354,361,364,359,360,339,360,357,365,359,352,362,356,358,348,360,350,342,346,354,354,"--",364,353,363,"--",360,355,354,362,362,362,"--",358,345,358,352,363,361,355,364,357
Morgan St,MEAC,"2-10",+1,359,>>,359,360,360,353,363,355,317,356,360,351,355,358,355,361,344,355,358,364,359,358,361,360,"--",356,360,350,"--",356,361,359,357,360,361,"--",349,357,361,360,344,362,360,356,358
ULM,SBC,"3-10",-4,360,>>,352,359,359,361,356,354,315,355,356,363,351,359,361,357,362,359,363,358,352,353,356,357,"--",361,358,361,"--",361,358,353,359,359,355,"--",360,360,360,356,355,356,359,359,355
S Carolina St,MEAC,"1-12",,361,>>,361,357,365,301,361,361,337,362,362,336,357,361,364,362,363,360,361,359,363,363,362,361,"--",336,363,355,"--",363,362,362,364,361,352,"--",355,361,362,361,357,360,358,362,362
Gardner Webb,BSo,"2-13",+1,362,>>,362,362,364,345,357,365,354,364,361,354,362,363,345,360,360,362,330,360,362,362,360,363,"--",361,365,357,"--",355,356,364,353,358,354,"--",356,363,359,363,360,363,363,350,365
Binghamton,AEC,"3-10",-4,363,>>,365,363,362,352,362,358,358,353,363,356,360,360,365,363,348,357,365,363,361,360,363,362,"--",359,361,360,"--",362,363,358,363,363,363,"--",352,359,365,362,348,359,361,347,360
Coppin St,MEAC,"2-13",,364,>>,364,364,357,363,364,347,344,363,364,362,364,364,357,364,365,363,355,361,364,364,364,364,"--",360,364,364,"--",358,364,361,360,364,364,"--",363,364,357,364,362,364,364,348,364
MS Valley St,SWAC,"1-11",,365,>>,363,365,363,365,365,359,355,365,365,364,365,362,356,365,364,365,352,365,365,365,365,365,"--",365,362,365,"--",364,365,360,358,365,365,"--",365,365,363,365,365,365,365,355,363
